{
    "BossNormalBullet": {
        "Acceleration": 0.8500000238418579,
        "Scale": [
            0.6000000238418579,
            0.6000000238418579,
            0.6000000238418579
        ]
    }
}
