{
    "BossBulletTrail": {
        "Color": [
            1.0,
            0.6000000238418579,
            0.6000000238418579
        ],
        "MaxAlpha": 0.3700000047683716,
        "MinAlpha": 0.0
    }
}
