{
    "BossTrackingBullet": {
        "BaseSpeed": 50.0,
        "Damping": 0.5,
        "InitSpeed": 70.0,
        "LerpRadius": 90.0,
        "Scale": [
            1.25,
            1.25,
            1.25
        ],
        "StraightFrame": 20.0,
        "TrackFrame": 300.0,
        "TrackingDot": -0.949999988079071,
        "TrackingDotLoose": -0.05000000074505806,
        "TrailMaxWidth": 1.149999976158142,
        "TrailMinWidth": 0.009999999776482582,
        "TrailSaveFrame": 80
    }
}
