{
    "BossTrackingBullet": {
        "Damping": 0.5,
        "InitSpeed": 85.0,
        "LerpRadius": 50.0,
        "Scale": [
            0.3499999940395355,
            0.3499999940395355,
            0.3499999940395355
        ],
        "Speed": 90.0,
        "TrackFrame": 120.0,
        "TrailSaveFrame": 40
    }
}
