{
    "BossTrackingBullet": {
        "BaseSpeed": 90.0,
        "Damping": 0.5,
        "InitSpeed": 90.0,
        "LerpRadius": 50.0,
        "Scale": [
            0.15000000596046448,
            0.15000000596046448,
            0.15000000596046448
        ],
        "StraightFrame": 40.0,
        "TrackFrame": 150.0,
        "TrailMaxWidth": 0.5,
        "TrailMinWidth": 0.25,
        "TrailSaveFrame": 40
    }
}
