{
    "BossNormalBullet": {
        "Acceleration": 0.8500000238418579,
        "Scale": [
            0.800000011920929,
            0.800000011920929,
            0.800000011920929
        ]
    }
}
