{
    "BossNormalBullet": {
        "Acceleration": 0.8500000238418579,
        "Scale": [
            0.15000000596046448,
            0.15000000596046448,
            0.15000000596046448
        ]
    }
}
