{
    "BossTrackingBullet": {
        "BaseSpeed": 50.0,
        "Damping": 0.5,
        "InitSpeed": 80.0,
        "LerpRadius": 100.0,
        "Scale": [
            0.5,
            0.5,
            0.5
        ],
        "StraightFrame": 45.0,
        "TrackFrame": 300.0,
        "TrackingDot": -0.949999988079071,
        "TrackingDotLoose": -0.05000000074505806,
        "TrailMaxWidth": 0.44999998807907104,
        "TrailMinWidth": 0.05000000074505806,
        "TrailSaveFrame": 80
    }
}
