{
    "BossTrackingBullet": {
        "BaseSpeed": 90.0,
        "Damping": 0.5,
        "InitSpeed": 50.0,
        "LerpRadius": 50.0,
        "Scale": [
            0.5,
            0.5,
            0.5
        ],
        "StraightFrame": 45.0,
        "TrackFrame": 300.0,
        "TrackingDot": -0.949999988079071,
        "TrailMaxWidth": 1.350000023841858,
        "TrailMinWidth": 0.10000000149011612,
        "TrailSaveFrame": 80
    }
}
