{
    "BossTrackingBullet": {
        "BaseSpeed": 90.0,
        "Damping": 0.5,
        "InitSpeed": 90.0,
        "LerpRadius": 50.0,
        "Scale": [
            0.3499999940395355,
            0.3499999940395355,
            0.3499999940395355
        ],
        "StraightFrame": 40.0,
        "TrackFrame": 160.0,
        "TrailMaxWidth": 1.0,
        "TrailMinWidth": 0.25,
        "TrailSaveFrame": 40
    }
}
