{
    "Bullet": {
        "ContainerColor": [
            1.0,
            1.0,
            1.0,
            1.0
        ],
        "ContainerTrailColor": [
            0.20000000298023224,
            0.20000000298023224,
            0.20000000298023224
        ],
        "GeniusColor": [
            0.0,
            0.0,
            1.0,
            1.0
        ],
        "GeniusTrailColor": [
            0.4000000059604645,
            0.4000000059604645,
            1.0
        ],
        "InferiorColor": [
            1.0,
            0.0,
            0.0,
            1.0
        ],
        "InferiorTrailColor": [
            1.0,
            0.4000000059604645,
            0.4000000059604645
        ],
        "NormalColor": [
            0.0,
            0.0,
            0.0,
            1.0
        ],
        "NormalTrailColor": [
            0.20000000298023224,
            0.20000000298023224,
            0.20000000298023224
        ],
        "SuperirorColor": [
            0.08000001311302185,
            0.9000000357627869,
            0.3800000250339508,
            1.0
        ],
        "SuperirorTrailColor": [
            0.4000000059604645,
            1.0,
            0.4000000059604645
        ]
    }
}
