{
    "Bullet": {
        "ContainerColor": [
            1.0,
            1.0,
            1.0,
            1.0
        ],
        "ContainerTrailColor": [
            0.20000000298023224,
            0.20000000298023224,
            0.20000000298023224
        ],
        "GeniusColor": [
            0.0,
            0.0,
            1.0,
            1.0
        ],
        "GeniusTrailColor": [
            0.6000000238418579,
            0.6000000238418579,
            1.0
        ],
        "InferiorColor": [
            1.0,
            0.0,
            0.0,
            1.0
        ],
        "InferiorTrailColor": [
            1.0,
            0.6000000238418579,
            0.6000000238418579
        ],
        "NormalColor": [
            0.0,
            0.0,
            0.0,
            1.0
        ],
        "NormalTrailColor": [
            0.20000000298023224,
            0.20000000298023224,
            0.20000000298023224
        ],
        "SuperirorColor": [
            0.08000001192092896,
            0.900000011920929,
            0.3800000238418579,
            1.0
        ],
        "SuperirorTrailColor": [
            0.6000000238418579,
            1.0,
            0.6000000238418579
        ]
    }
}
