{
    "Camera": {
        "DelayRate": 0.20000000298023224,
        "LerpRate": 0.15000000596046448,
        "Offset": [
            0.0,
            5.0,
            -20.0
        ],
        "RotateSpeed": [
            0.05000000074505806,
            0.05000000074505806
        ],
        "XSpinLimit": 0.30000001192092896
    }
}
