{
    "Camera": {
        "DelayRate": 0.10000000149011612,
        "LerpRate": 0.10000000149011612,
        "RotateSpeed": [
            0.05000000074505806,
            0.05000000074505806
        ],
        "XSpinLimit": 0.30000001192092896
    }
}
