{
    "HUD": {
        "CameraChangeUIPos": [
            1140.0,
            90.0
        ],
        "ClearTextPos": [
            640.0,
            280.0
        ],
        "DashPos": [
            139.0,
            60.0
        ],
        "JumpPos": [
            139.0,
            180.0
        ],
        "LockOnPos": [
            139.0,
            240.0
        ],
        "NowReplayTitleExceptUIPos": [
            1140.0,
            150.0
        ],
        "OverTextPos": [
            640.0,
            280.0
        ],
        "ReplayExceptUIPos": [
            871.7999877929688,
            319.20001220703125
        ],
        "ShotPos": [
            139.0,
            120.0
        ],
        "TitleExceptUIPos": [
            871.9000244140625,
            393.29998779296875
        ]
    }
}
