{
    "PlayerUI": {
        "BGColor": [
            0.0,
            0.0,
            0.0,
            0.8999999761581421
        ],
        "EnergyBGSize": [
            24.0,
            280.0
        ],
        "EnergyColor": [
            0.30000001192092896,
            1.0,
            0.30000001192092896,
            0.949999988079071
        ],
        "EnergyPosition": [
            1050.0,
            220.0
        ],
        "EnergySize": [
            24.0,
            280.0
        ],
        "EnergySizeRatio": [
            0.75,
            0.949999988079071
        ],
        "HPColor": [
            0.30000001192092896,
            1.0,
            0.30000001192092896,
            0.949999988079071
        ],
        "HPPosition": [
            250.0,
            600.0
        ],
        "HPSize": [
            380.0,
            48.0
        ],
        "HPSizeRatio": [
            0.949999988079071,
            0.75
        ]
    }
}
