{
    "PlayerTrackingBullet": {
        "BaseSpeed": 90.0,
        "Damping": 0.5,
        "InitSpeed": 90.0,
        "LerpRadius": 50.0,
        "Scale": [
            0.15000000596046448,
            0.15000000596046448,
            0.15000000596046448
        ],
        "StraightFrame": 15.0,
        "TrackFrame": 45.0,
        "TrailMaxWidth": 1.0,
        "TrailMinWidth": 0.25,
        "TrailSaveFrame": 50
    }
}
