{
    "Skydome": {
        "Color": [
            0.30000001192092896,
            0.8999999761581421,
            0.33000001311302185,
            0.800000011920929
        ],
        "Scale": [
            500.0,
            500.0,
            500.0
        ],
        "Translate": [
            0.0,
            0.0,
            0.0
        ]
    }
}
