{
    "Skydome": {
        "Color": [
            0.8600000143051147,
            0.75,
            1.0,
            0.800000011920929
        ],
        "Scale": [
            500.0,
            500.0,
            500.0
        ],
        "Translate": [
            0.0,
            0.0,
            0.0
        ]
    }
}
